"Module","Gene"
"turquoise","LOC119691921"
"turquoise","LOC125488595"
"turquoise","LOC105390613"
"turquoise","LOC105393776"
"turquoise","LOC119692498"
"turquoise","LOC105384105"
"turquoise","LOC105393924"
"turquoise","LOC105387108"
"turquoise","LOC125491367"
"turquoise","LOC105393867"
"turquoise","LOC125491443"
"turquoise","LOC105389057"
"turquoise","LOC105394373"
"turquoise","LOC105385091"
"turquoise","LOC105398590"
"turquoise","LOC125489316"
"turquoise","LOC119693462"
"turquoise","LOC105382424"
"turquoise","LOC125489043"
"turquoise","LOC105391655"
"turquoise","LOC105382507"
"turquoise","LOC105387887"
"turquoise","LOC105380032"
"turquoise","LOC105380038"
"turquoise","LOC105380039"
"turquoise","LOC105380040"
"turquoise","LOC105380091"
"turquoise","LOC105380042"
"turquoise","LOC105384472"
"turquoise","LOC105384471"
"turquoise","LOC119693523"
"turquoise","LOC105394922"
"turquoise","LOC105380157"
"turquoise","LOC105380119"
"turquoise","LOC105388180"
"turquoise","LOC105388171"
"turquoise","LOC125488941"
"turquoise","LOC105388115"
"turquoise","LOC105393083"
"turquoise","LOC105393080"
"turquoise","LOC125488889"
"turquoise","LOC105381090"
"turquoise","LOC119693442"
"turquoise","LOC105396378"
"turquoise","LOC105387751"
"turquoise","LOC105384797"
"turquoise","LOC105391047"
"turquoise","LOC105386654"
"turquoise","LOC105386652"
"turquoise","LOC105386643"
"turquoise","LOC125490584"
"turquoise","LOC105385936"
"turquoise","LOC105393762"
"turquoise","LOC105393757"
"turquoise","LOC105383723"
"turquoise","LOC119694455"
"turquoise","LOC105387797"
"turquoise","LOC105385871"
"turquoise","LOC105385885"
"turquoise","LOC105385893"
"turquoise","LOC105385900"
"turquoise","LOC119694577"
"turquoise","LOC105387330"
"turquoise","LOC105391805"
"turquoise","LOC105386149"
"turquoise","LOC105398531"
"turquoise","LOC105398477"
"turquoise","LOC105398458"
"turquoise","LOC105398425"
"turquoise","LOC125490068"
"turquoise","LOC105394553"
"turquoise","LOC105397491"
"turquoise","LOC105386324"
"turquoise","LOC105397898"
"turquoise","LOC125488536"
"turquoise","LOC105397938"
"turquoise","LOC105397906"
"turquoise","LOC119694594"
"turquoise","LOC105389732"
"turquoise","LOC119694537"
"turquoise","LOC105387205"
"turquoise","LOC105385163"
"turquoise","LOC105384377"
"turquoise","LOC105384356"
"turquoise","LOC105381794"
"turquoise","LOC105385559"
"turquoise","LOC105394304"
"turquoise","LOC119694500"
"turquoise","LOC105391838"
"turquoise","LOC105386411"
"turquoise","LOC125491346"
"turquoise","LOC105394103"
"turquoise","LOC125491463"
"turquoise","LOC105390208"
"turquoise","LOC105383840"
"turquoise","LOC105383839"
"turquoise","LOC105392015"
"turquoise","LOC105391536"
"turquoise","LOC105395129"
"turquoise","LOC105388698"
"turquoise","LOC125491457"
"turquoise","LOC105396981"
"turquoise","LOC125491387"
"turquoise","LOC105396754"
"turquoise","LOC105398314"
"turquoise","LOC105389312"
"turquoise","LOC105389293"
"turquoise","LOC105389307"
"turquoise","LOC105389273"
"turquoise","LOC105392372"
"turquoise","LOC105385293"
"turquoise","LOC105385716"
"turquoise","LOC105389469"
"turquoise","LOC105385931"
"turquoise","LOC105388348"
"turquoise","LOC105397949"
"turquoise","LOC105393017"
"turquoise","LOC119692448"
"turquoise","LOC105393093"
"turquoise","LOC105393635"
"turquoise","LOC119692453"
"turquoise","LOC105393652"
"turquoise","LOC105382571"
"turquoise","LOC105382581"
"turquoise","LOC105382587"
"turquoise","LOC105387530"
"turquoise","LOC105387126"
"turquoise","LOC105385573"
"turquoise","LOC105386344"
"turquoise","LOC119692423"
"turquoise","LOC119692399"
"turquoise","LOC119692449"
"turquoise","LOC119692349"
"turquoise","LOC105395100"
"turquoise","LOC105382208"
"turquoise","LOC105382253"
"turquoise","LOC105382215"
"turquoise","LOC105396390"
"turquoise","LOC125488603"
"turquoise","LOC105395636"
"turquoise","LOC105389757"
"turquoise","LOC125488688"
"turquoise","LOC105382045"
"turquoise","LOC105382074"
"turquoise","LOC119694160"
"turquoise","LOC119694181"
"turquoise","LOC105384076"
"turquoise","LOC119694222"
"turquoise","LOC125488636"
"turquoise","LOC125488635"
"turquoise","LOC119694118"
"turquoise","LOC105383858"
"turquoise","LOC119694164"
"turquoise","LOC105390938"
"turquoise","LOC105387858"
"turquoise","LOC105381012"
"turquoise","LOC119694146"
"turquoise","LOC119694147"
"turquoise","LOC105393567"
"turquoise","LOC105393560"
"turquoise","LOC119694230"
"turquoise","LOC105389084"
"turquoise","LOC105389083"
"turquoise","LOC105391460"
"turquoise","LOC105394617"
"turquoise","LOC119690911"
"turquoise","LOC105398792"
"turquoise","LOC105398802"
"turquoise","LOC105398810"
"turquoise","LOC119690781"
"turquoise","LOC105380034"
"turquoise","LOC105380495"
"turquoise","LOC105380075"
"turquoise","LOC119690862"
"turquoise","LOC105397840"
"turquoise","LOC105382636"
"turquoise","LOC105382641"
"turquoise","LOC105382663"
"turquoise","LOC125488769"
"turquoise","LOC105383392"
"turquoise","LOC105383385"
"turquoise","LOC105383380"
"turquoise","LOC105390569"
"turquoise","LOC105390517"
"turquoise","LOC105398294"
"turquoise","LOC105390917"
"turquoise","LOC125488758"
"turquoise","LOC105393149"
"turquoise","LOC105393146"
"turquoise","LOC105382600"
"turquoise","LOC105396270"
"turquoise","LOC105380261"
"turquoise","LOC119690851"
"turquoise","LOC105393319"
"turquoise","LOC105384338"
"turquoise","LOC125488900"
"turquoise","LOC105392028"
"turquoise","LOC105391849"
"turquoise","LOC105393288"
"turquoise","LOC105383748"
"turquoise","LOC105382529"
"turquoise","LOC105382527"
"turquoise","LOC105382523"
"turquoise","LOC119692987"
"turquoise","LOC119692988"
"turquoise","LOC105387485"
"turquoise","LOC105389451"
"turquoise","LOC105392063"
"turquoise","LOC105394168"
"turquoise","LOC105394183"
"turquoise","LOC105381670"
"turquoise","LOC105381642"
"turquoise","LOC105384445"
"turquoise","LOC105384447"
"turquoise","LOC119692996"
"turquoise","LOC105393369"
"turquoise","LOC119693065"
"turquoise","LOC105385619"
"turquoise","LOC105390365"
"turquoise","LOC105386699"
"turquoise","LOC105392745"
"turquoise","LOC105388810"
"turquoise","LOC105388808"
"turquoise","LOC105388806"
"turquoise","LOC105388805"
"turquoise","LOC105388821"
"turquoise","LOC105388804"
"turquoise","LOC105393506"
"turquoise","LOC105388902"
"turquoise","LOC105396513"
"turquoise","LOC119691546"
"turquoise","LOC105390723"
"turquoise","LOC105384464"
"turquoise","LOC105394119"
"turquoise","LOC105388890"
"turquoise","LOC105397361"
"turquoise","LOC125488980"
"turquoise","LOC105387058"
"turquoise","LOC105393136"
"turquoise","LOC105391051"
"turquoise","LOC105387389"
"turquoise","LOC105393885"
"turquoise","LOC105382283"
"turquoise","LOC125489016"
"turquoise","LOC105382879"
"turquoise","LOC105388709"
"turquoise","LOC105392581"
"turquoise","LOC105392584"
"turquoise","LOC105386605"
"turquoise","LOC105386599"
"turquoise","LOC105386587"
"turquoise","LOC105385894"
"turquoise","LOC125488947"
"turquoise","LOC125489005"
"turquoise","LOC105391781"
"turquoise","LOC105390608"
"turquoise","LOC105382913"
"turquoise","LOC105382911"
"turquoise","LOC105382927"
"turquoise","LOC105383123"
"turquoise","LOC105390140"
"turquoise","LOC119693698"
"turquoise","LOC105388814"
"turquoise","LOC105389620"
"turquoise","LOC105389619"
"turquoise","LOC105382029"
"turquoise","LOC105382028"
"turquoise","LOC105387245"
"turquoise","LOC105387246"
"turquoise","LOC119693640"
"turquoise","LOC125489056"
"turquoise","LOC105381566"
"turquoise","LOC105392479"
"turquoise","LOC105383720"
"turquoise","LOC105396139"
"turquoise","LOC105386668"
"turquoise","LOC105394060"
"turquoise","LOC105395407"
"turquoise","LOC105391204"
"turquoise","LOC105391274"
"turquoise","LOC105385482"
"turquoise","LOC105385027"
"turquoise","LOC105382882"
"turquoise","LOC119693309"
"turquoise","LOC105393957"
"turquoise","LOC105393646"
"turquoise","LOC125489198"
"turquoise","LOC105380610"
"turquoise","LOC105388696"
"turquoise","LOC105387687"
"turquoise","LOC105385597"
"turquoise","LOC105394778"
"turquoise","LOC125489229"
"turquoise","LOC105390783"
"turquoise","LOC105389955"
"turquoise","LOC105386366"
"turquoise","LOC105385812"
"turquoise","LOC105390240"
"turquoise","LOC105382968"
"turquoise","LOC105380288"
"turquoise","LOC105388702"
"turquoise","LOC105383248"
"turquoise","LOC105383252"
"turquoise","LOC105382805"
"turquoise","LOC105386683"
"turquoise","LOC105389880"
"turquoise","LOC105385200"
"turquoise","LOC105384685"
"turquoise","LOC105390377"
"turquoise","LOC105381324"
"turquoise","LOC125489304"
"turquoise","LOC105393380"
"turquoise","LOC105395625"
"turquoise","LOC105392121"
"turquoise","LOC105392122"
"turquoise","LOC105391471"
"turquoise","LOC119692223"
"turquoise","LOC119692273"
"turquoise","LOC105390863"
"turquoise","LOC125489363"
"turquoise","LOC119692263"
"turquoise","LOC105389104"
"turquoise","LOC105389105"
"turquoise","LOC105395465"
"turquoise","LOC105392518"
"turquoise","LOC105392515"
"turquoise","LOC105385536"
"turquoise","LOC105398039"
"turquoise","LOC105397976"
"turquoise","LOC105397985"
"turquoise","LOC105398015"
"turquoise","LOC105398017"
"turquoise","LOC105388980"
"turquoise","LOC105388973"
"turquoise","LOC105391071"
"turquoise","LOC105391055"
"turquoise","LOC119692276"
"turquoise","LOC105391233"
"turquoise","LOC105391219"
"turquoise","LOC105387602"
"turquoise","LOC105382244"
"turquoise","LOC105390008"
"turquoise","LOC105387191"
"turquoise","LOC105387198"
"turquoise","LOC105385235"
"turquoise","LOC105385242"
"turquoise","LOC105389319"
"turquoise","LOC105389332"
"turquoise","LOC125489361"
"turquoise","LOC105382746"
"turquoise","LOC105385957"
"turquoise","LOC125489411"
"turquoise","LOC105392107"
"turquoise","LOC105385858"
"turquoise","LOC119694354"
"turquoise","LOC105386677"
"turquoise","LOC105391177"
"turquoise","LOC105383789"
"turquoise","LOC105385799"
"turquoise","LOC105387369"
"turquoise","LOC105385781"
"turquoise","LOC119694319"
"turquoise","LOC125489474"
"turquoise","LOC105397567"
"turquoise","LOC105398186"
"turquoise","LOC119694661"
"turquoise","LOC105384520"
"turquoise","LOC105384521"
"turquoise","LOC105383471"
"turquoise","LOC105383474"
"turquoise","LOC105391924"
"turquoise","LOC105391920"
"turquoise","LOC119694369"
"turquoise","LOC105391928"
"turquoise","LOC105381382"
"turquoise","LOC125488432"
"turquoise","LOC105391857"
"turquoise","LOC105398655"
"turquoise","LOC125489561"
"turquoise","LOC105380718"
"turquoise","LOC105380715"
"turquoise","LOC105380713"
"turquoise","LOC105386555"
"turquoise","LOC105386547"
"turquoise","LOC119691198"
"turquoise","LOC125489604"
"turquoise","LOC105386142"
"turquoise","LOC105386120"
"turquoise","LOC105386119"
"turquoise","LOC125489642"
"turquoise","LOC119691244"
"turquoise","LOC105398381"
"turquoise","LOC105392596"
"turquoise","LOC105398408"
"turquoise","LOC105383805"
"turquoise","LOC105383827"
"turquoise","LOC105391235"
"turquoise","LOC119691170"
"turquoise","LOC105386739"
"turquoise","LOC119691256"
"turquoise","LOC125489618"
"turquoise","LOC105381098"
"turquoise","LOC119691177"
"turquoise","LOC105381436"
"turquoise","LOC119691252"
"turquoise","LOC105390675"
"turquoise","LOC105392814"
"turquoise","LOC105390341"
"turquoise","LOC105382474"
"turquoise","LOC105389059"
"turquoise","LOC119691312"
"turquoise","LOC105388326"
"turquoise","LOC125489652"
"turquoise","LOC105398485"
"turquoise","LOC125489603"
"turquoise","LOC105388500"
"turquoise","LOC119691225"
"turquoise","LOC119691224"
"turquoise","LOC105383408"
"turquoise","LOC105391570"
"turquoise","LOC105382258"
"turquoise","LOC105382228"
"turquoise","LOC125489687"
"turquoise","LOC119693867"
"turquoise","LOC105380479"
"turquoise","LOC125489715"
"turquoise","LOC105394133"
"turquoise","LOC105390928"
"turquoise","LOC105394221"
"turquoise","LOC105384302"
"turquoise","LOC105386843"
"turquoise","LOC105390058"
"turquoise","LOC105393551"
"turquoise","LOC105386907"
"turquoise","LOC105386867"
"turquoise","LOC105386881"
"turquoise","LOC119693839"
"turquoise","LOC125489658"
"turquoise","LOC105384017"
"turquoise","LOC105387882"
"turquoise","LOC105387991"
"turquoise","LOC105388036"
"turquoise","LOC105381873"
"turquoise","LOC105395701"
"turquoise","LOC105381868"
"turquoise","LOC125488434"
"turquoise","LOC105381735"
"turquoise","LOC105393209"
"turquoise","LOC119691537"
"turquoise","LOC105398528"
"turquoise","LOC105398475"
"turquoise","LOC105398476"
"turquoise","LOC105398479"
"turquoise","LOC105398482"
"turquoise","LOC105389779"
"turquoise","LOC105390281"
"turquoise","LOC105392880"
"turquoise","LOC105384320"
"turquoise","LOC105384319"
"turquoise","LOC105384317"
"turquoise","LOC105391087"
"turquoise","LOC105396433"
"turquoise","LOC105384469"
"turquoise","LOC119691481"
"turquoise","LOC119691539"
"turquoise","LOC125489792"
"turquoise","LOC105394666"
"turquoise","LOC105394667"
"turquoise","LOC105393309"
"turquoise","LOC119691419"
"turquoise","LOC105380411"
"turquoise","LOC105396949"
"turquoise","LOC105385032"
"turquoise","LOC105385043"
"turquoise","LOC119692183"
"turquoise","LOC105390633"
"turquoise","LOC105385949"
"turquoise","LOC105380219"
"turquoise","LOC125489745"
"turquoise","LOC105388523"
"turquoise","LOC105394384"
"turquoise","LOC125489819"
"turquoise","LOC105383185"
"turquoise","LOC105387711"
"turquoise","LOC125488534"
"turquoise","LOC105380844"
"turquoise","LOC105385089"
"turquoise","LOC119692749"
"turquoise","LOC105380916"
"turquoise","LOC119692725"
"turquoise","LOC119692712"
"turquoise","LOC119692661"
"turquoise","LOC105383849"
"turquoise","LOC105397193"
"turquoise","LOC105398673"
"turquoise","LOC105390307"
"turquoise","LOC105380070"
"turquoise","LOC105380062"
"turquoise","LOC105380060"
"turquoise","LOC105384358"
"turquoise","LOC105388251"
"turquoise","LOC125489873"
"turquoise","LOC105387994"
"turquoise","LOC105386532"
"turquoise","LOC105381378"
"turquoise","LOC105386509"
"turquoise","LOC105386511"
"turquoise","LOC105386518"
"turquoise","LOC105381417"
"turquoise","LOC125489871"
"turquoise","LOC125489872"
"turquoise","LOC125489836"
"turquoise","LOC105394043"
"turquoise","LOC119692733"
"turquoise","LOC119692732"
"turquoise","LOC105380858"
"turquoise","LOC119692714"
"turquoise","LOC125490001"
"turquoise","LOC105384028"
"turquoise","LOC119690631"
"turquoise","LOC105394712"
"turquoise","LOC105392276"
"turquoise","LOC105380343"
"turquoise","LOC125489947"
"turquoise","LOC105391992"
"turquoise","LOC119690614"
"turquoise","LOC125489976"
"turquoise","LOC105382827"
"turquoise","LOC105391432"
"turquoise","LOC105390327"
"turquoise","LOC119690516"
"turquoise","LOC105398088"
"turquoise","LOC105393161"
"turquoise","LOC105398101"
"turquoise","LOC105398110"
"turquoise","LOC105382971"
"turquoise","LOC125489965"
"turquoise","LOC105383324"
"turquoise","LOC119690624"
"turquoise","LOC119691140"
"turquoise","LOC105391411"
"turquoise","LOC119690564"
"turquoise","LOC105390971"
"turquoise","LOC105388627"
"turquoise","LOC119690607"
"turquoise","LOC105380970"
"turquoise","LOC105389726"
"turquoise","LOC125490112"
"turquoise","LOC105392662"
"turquoise","LOC119691747"
"turquoise","LOC105391145"
"turquoise","LOC105388872"
"turquoise","LOC105383563"
"turquoise","LOC105380985"
"turquoise","LOC125490118"
"turquoise","LOC105384650"
"turquoise","LOC105384680"
"turquoise","LOC105384663"
"turquoise","LOC105380782"
"turquoise","LOC105395837"
"turquoise","LOC105392991"
"turquoise","LOC105381034"
"turquoise","LOC105381033"
"turquoise","LOC105394773"
"turquoise","LOC119693156"
"turquoise","LOC105387067"
"turquoise","LOC105382792"
"turquoise","LOC119693105"
"turquoise","LOC105382788"
"turquoise","LOC105382785"
"turquoise","LOC119693116"
"turquoise","LOC119693112"
"turquoise","LOC119693120"
"turquoise","LOC105392857"
"turquoise","LOC105385401"
"turquoise","LOC125490235"
"turquoise","LOC105387036"
"turquoise","LOC105394801"
"turquoise","LOC105385610"
"turquoise","LOC105382126"
"turquoise","LOC105382116"
"turquoise","LOC119690398"
"turquoise","LOC105389845"
"turquoise","LOC105389849"
"turquoise","LOC119690485"
"turquoise","LOC119690470"
"turquoise","LOC105381317"
"turquoise","LOC105381326"
"turquoise","LOC105384158"
"turquoise","LOC105384157"
"turquoise","LOC119690402"
"turquoise","LOC119694908"
"turquoise","LOC105395010"
"turquoise","LOC105383046"
"turquoise","LOC105383027"
"turquoise","LOC105383028"
"turquoise","LOC105382735"
"turquoise","LOC105382769"
"turquoise","LOC119690403"
"turquoise","LOC105394177"
"turquoise","LOC105392434"
"turquoise","LOC105392440"
"turquoise","LOC105392546"
"turquoise","LOC105382831"
"turquoise","LOC105382815"
"turquoise","LOC105382745"
"turquoise","LOC105383349"
"turquoise","LOC105391174"
"turquoise","LOC105384413"
"turquoise","LOC105388427"
"turquoise","LOC105391850"
"turquoise","LOC105382186"
"turquoise","LOC105387824"
"turquoise","LOC105387825"
"turquoise","LOC105389220"
"turquoise","LOC105381827"
"turquoise","LOC105381829"
"turquoise","LOC119690472"
"turquoise","LOC119692490"
"turquoise","LOC105393225"
"turquoise","LOC125490406"
"turquoise","LOC105389053"
"turquoise","LOC105386116"
"turquoise","LOC105384272"
"turquoise","LOC105388951"
"turquoise","LOC105388960"
"turquoise","LOC105383762"
"turquoise","LOC105382855"
"turquoise","LOC125488590"
"turquoise","LOC105382819"
"turquoise","LOC105382820"
"turquoise","LOC105386961"
"turquoise","LOC105392539"
"turquoise","LOC105382016"
"turquoise","LOC105386964"
"turquoise","LOC105386706"
"turquoise","LOC105383941"
"turquoise","LOC105383946"
"turquoise","LOC105392138"
"turquoise","LOC125490396"
"turquoise","LOC105391316"
"turquoise","LOC119692565"
"turquoise","LOC105391306"
"turquoise","LOC105394757"
"turquoise","LOC125490360"
"turquoise","LOC105385145"
"turquoise","LOC105395529"
"turquoise","LOC105380628"
"turquoise","LOC119692613"
"turquoise","LOC125490511"
"turquoise","LOC105392204"
"turquoise","LOC105392203"
"turquoise","LOC105392220"
"turquoise","LOC125490461"
"turquoise","LOC105395568"
"turquoise","LOC105391146"
"turquoise","LOC119691944"
"turquoise","LOC125490496"
"turquoise","LOC125488491"
"turquoise","LOC105382049"
"turquoise","LOC105382054"
"turquoise","LOC105390102"
"turquoise","LOC105394224"
"turquoise","LOC105383599"
"turquoise","LOC105392603"
"turquoise","LOC105386269"
"turquoise","LOC105386267"
"turquoise","LOC105386265"
"turquoise","LOC125490489"
"turquoise","LOC105398811"
"turquoise","LOC125490499"
"turquoise","LOC119691116"
"turquoise","LOC105384218"
"turquoise","LOC105381952"
"turquoise","LOC105393351"
"turquoise","LOC105393345"
"turquoise","LOC105393871"
"turquoise","LOC125490618"
"turquoise","LOC119691001"
"turquoise","LOC105386887"
"turquoise","LOC105381852"
"turquoise","LOC105387445"
"turquoise","LOC105380798"
"turquoise","LOC105398662"
"turquoise","LOC105398695"
"turquoise","LOC105398696"
"turquoise","LOC119691018"
"turquoise","LOC119691073"
"turquoise","LOC105382346"
"turquoise","LOC105382409"
"turquoise","LOC105382329"
"turquoise","LOC105397179"
"turquoise","LOC119691094"
"turquoise","LOC125490562"
"turquoise","LOC105393632"
"turquoise","LOC125490561"
"turquoise","LOC125490586"
"turquoise","LOC105398440"
"turquoise","LOC105398439"
"turquoise","LOC105380394"
"turquoise","LOC105386988"
"turquoise","LOC105392945"
"turquoise","LOC105382359"
"turquoise","LOC105381010"
"turquoise","LOC125490697"
"turquoise","LOC105390190"
"turquoise","LOC105384501"
"turquoise","LOC105388269"
"turquoise","LOC105385506"
"turquoise","LOC119692160"
"turquoise","LOC105380397"
"turquoise","LOC105383433"
"turquoise","LOC105395639"
"turquoise","LOC105391354"
"turquoise","LOC105391680"
"turquoise","LOC105387749"
"turquoise","LOC125490674"
"turquoise","LOC119692175"
"turquoise","LOC105388675"
"turquoise","LOC105388674"
"turquoise","LOC105388662"
"turquoise","LOC105382560"
"turquoise","LOC119691847"
"turquoise","LOC105390876"
"turquoise","LOC105381255"
"turquoise","LOC105392710"
"turquoise","LOC105392259"
"turquoise","LOC105383512"
"turquoise","LOC105383514"
"turquoise","LOC105382665"
"turquoise","LOC105387765"
"turquoise","LOC105387766"
"turquoise","LOC105387777"
"turquoise","LOC105387778"
"turquoise","LOC105388154"
"turquoise","LOC119691793"
"turquoise","LOC105397427"
"turquoise","LOC105395449"
"turquoise","LOC105390678"
"turquoise","LOC105392870"
"turquoise","LOC105390680"
"turquoise","LOC105383543"
"turquoise","LOC105385518"
"turquoise","LOC119691846"
"turquoise","LOC105387683"
"turquoise","LOC119691988"
"turquoise","LOC105389121"
"turquoise","LOC105381073"
"turquoise","LOC105382062"
"turquoise","LOC105391436"
"turquoise","LOC105394243"
"turquoise","LOC105394244"
"turquoise","LOC105394365"
"turquoise","LOC105380980"
"turquoise","LOC105391626"
"turquoise","LOC125490887"
"turquoise","LOC105398751"
"turquoise","LOC119694259"
"turquoise","LOC105383607"
"turquoise","LOC125490969"
"turquoise","LOC105388937"
"turquoise","LOC105380182"
"turquoise","LOC105385314"
"turquoise","LOC105384771"
"turquoise","LOC119693483"
"turquoise","LOC105396120"
"turquoise","LOC119693954"
"turquoise","LOC125490976"
"turquoise","LOC105393481"
"turquoise","LOC105381705"
"turquoise","LOC105393930"
"turquoise","LOC105384738"
"turquoise","LOC105395914"
"turquoise","LOC125491024"
"turquoise","LOC125491023"
"turquoise","LOC105387642"
"turquoise","LOC105398710"
"turquoise","LOC125488474"
"turquoise","LOC105398128"
"turquoise","LOC105398123"
"turquoise","LOC105398115"
"turquoise","LOC105391730"
"turquoise","LOC105387211"
"turquoise","LOC105395517"
"turquoise","LOC105397331"
"turquoise","LOC105383961"
"turquoise","LOC105392432"
"turquoise","LOC105391105"
"turquoise","LOC105391102"
"turquoise","LOC119694719"
"turquoise","LOC105385493"
"turquoise","LOC105392380"
"turquoise","LOC105398301"
"turquoise","LOC105383169"
"turquoise","LOC105398311"
"turquoise","LOC105390368"
"turquoise","LOC119694709"
"turquoise","LOC125491086"
"turquoise","LOC105393438"
"turquoise","LOC105388078"
"turquoise","LOC105397116"
"turquoise","LOC105383405"
"turquoise","LOC125491110"
"turquoise","LOC125491117"
"turquoise","LOC125491165"
"turquoise","LOC105384588"
"turquoise","LOC105384565"
"turquoise","LOC105382679"
"turquoise","LOC125491227"
"turquoise","LOC119694777"
"turquoise","LOC105382673"
"turquoise","LOC125491219"
"turquoise","LOC125491269"
"turquoise","LOC119694671"
"turquoise","LOC105392046"
"turquoise","LOC105398572"
"turquoise","LOC105381155"
"turquoise","LOC105395856"
"turquoise","LOC105385333"
"turquoise","LOC125491204"
"turquoise","LOC125491203"
"turquoise","LOC105387095"
"turquoise","LOC105384109"
"turquoise","LOC125491226"
"turquoise","LOC105398090"
"turquoise","LOC125491145"
"turquoise","LOC119694787"
"turquoise","LOC119694839"
"turquoise","LOC105388779"
"turquoise","LOC125491291"
"turquoise","LOC105388781"
"turquoise","LOC105388783"
"turquoise","LOC125491213"
"turquoise","LOC105380516"
"turquoise","LOC105380514"
"turquoise","LOC105380504"
"turquoise","LOC105380540"
"turquoise","LOC105384127"
"turquoise","LOC105384123"
"turquoise","LOC105384122"
"turquoise","LOC105394747"
"turquoise","LOC105394744"
"turquoise","LOC105394749"
"turquoise","LOC119694860"
"turquoise","LOC119694861"
"turquoise","LOC119694813"
"turquoise","LOC105381607"
"turquoise","LOC105381606"
"turquoise","LOC105386482"
"turquoise","LOC105386481"
"turquoise","LOC105386480"
"turquoise","LOC105386479"
"turquoise","LOC125491234"
"turquoise","LOC125491209"
"turquoise","LOC125491250"
"turquoise","LOC105386053"
"turquoise","LOC105386049"
"turquoise","LOC105386062"
"turquoise","LOC119694747"
"darkturquoise","LOC119691856"
"darkturquoise","LOC105389914"
"darkturquoise","LOC105388918"
"darkturquoise","LOC105397901"
"darkturquoise","LOC105394105"
"darkturquoise","LOC105385752"
"darkturquoise","LOC105389484"
"darkturquoise","LOC105383265"
"darkturquoise","LOC105389109"
"darkturquoise","LOC105398676"
"darkturquoise","LOC105386623"
"darkturquoise","LOC125489914"
"darkturquoise","LOC125489971"
"darkturquoise","LOC105390949"
"darkturquoise","LOC105389864"
"darkturquoise","LOC105380669"
"darkturquoise","LOC105395526"
"darkturquoise","LOC105384844"
"darkturquoise","LOC105398827"
"darkturquoise","LOC105392650"
"darkturquoise","LOC105384115"
"darkturquoise","LOC105380502"
"darkturquoise","LOC125491298"
"darkturquoise","LOC105380711"
"grey","LOC105381664"
"grey","LOC105394586"
"grey","LOC105383144"
"blue","LOC105382270"
"blue","LOC105392890"
"blue","LOC105387173"
"blue","LOC105383788"
"blue","LOC105383718"
"blue","LOC105383684"
"blue","LOC125489890"
"blue","LOC105381301"
"blue","LOC105393570"
"blue","LOC105394516"
"blue","LOC119692563"
"blue","LOC105382551"
"blue","LOC105398623"
"blue","LOC119694269"
"blue","LOC105398274"
"blue","LOC105381231"
"blue","LOC105379966"
"blue","LOC105383802"
"blue","LOC125489221"
"blue","LOC105391656"
"blue","LOC105391665"
"blue","LOC105391658"
"blue","Trnal-uaa_1"
"blue","LOC105382978"
"blue","LOC105381750"
"blue","LOC125489471"
"blue","LOC105390785"
"blue","LOC105380089"
"blue","LOC105380092"
"blue","LOC119693496"
"blue","LOC105380155"
"blue","LOC119693678"
"blue","LOC105387106"
"blue","LOC119693545"
"blue","LOC105381242"
"blue","LOC119693448"
"blue","LOC119693465"
"blue","LOC105381140"
"blue","LOC105384964"
"blue","LOC105384944"
"blue","LOC105389389"
"blue","LOC105389391"
"blue","LOC105386950"
"blue","LOC105381777"
"blue","LOC105383727"
"blue","LOC105383725"
"blue","LOC105381366"
"blue","LOC105381398"
"blue","LOC105385911"
"blue","LOC119694584"
"blue","LOC105380349"
"blue","LOC105387331"
"blue","LOC105387322"
"blue","LOC105386175"
"blue","LOC105386157"
"blue","LOC105386159"
"blue","LOC105387371"
"blue","LOC119690798"
"blue","LOC105380396"
"blue","LOC105394550"
"blue","LOC105382491"
"blue","LOC105397939"
"blue","LOC105394980"
"blue","LOC105381798"
"blue","LOC125491020"
"blue","LOC105383899"
"blue","LOC105390519"
"blue","LOC105393355"
"blue","LOC105381443"
"blue","LOC105383460"
"blue","LOC125491425"
"blue","LOC105394106"
"blue","LOC105383462"
"blue","LOC105394104"
"blue","LOC119692402"
"blue","LOC105390224"
"blue","LOC105390210"
"blue","LOC105390212"
"blue","LOC105383902"
"blue","LOC105391365"
"blue","LOC119692424"
"blue","LOC105391629"
"blue","LOC125491456"
"blue","LOC105391673"
"blue","LOC105397634"
"blue","LOC105388372"
"blue","LOC105397558"
"blue","LOC105396817"
"blue","LOC105396806"
"blue","LOC105396775"
"blue","LOC105396722"
"blue","LOC119692389"
"blue","LOC105398337"
"blue","LOC105393358"
"blue","LOC105389299"
"blue","LOC105389289"
"blue","LOC105392323"
"blue","LOC105385217"
"blue","LOC105389187"
"blue","LOC105389163"
"blue","LOC105391248"
"blue","LOC105391250"
"blue","LOC105391265"
"blue","LOC105385475"
"blue","LOC105385477"
"blue","LOC105385479"
"blue","LOC105385481"
"blue","LOC125488495"
"blue","LOC105382589"
"blue","LOC105398272"
"blue","LOC105387529"
"blue","LOC125491423"
"blue","LOC105386363"
"blue","LOC105391273"
"blue","LOC105393958"
"blue","LOC105390550"
"blue","LOC105398627"
"blue","LOC119692405"
"blue","LOC125491410"
"blue","LOC105388727"
"blue","LOC105387476"
"blue","LOC125488605"
"blue","LOC105385159"
"blue","LOC105390653"
"blue","LOC105390659"
"blue","LOC105389540"
"blue","LOC105389527"
"blue","LOC105385440"
"blue","LOC105396570"
"blue","LOC105383897"
"blue","LOC105384022"
"blue","LOC105384544"
"blue","LOC119694105"
"blue","LOC105390471"
"blue","LOC119694161"
"blue","LOC119694142"
"blue","LOC125491495"
"blue","LOC105382493"
"blue","LOC105390081"
"blue","LOC105394327"
"blue","LOC105383074"
"blue","LOC125488607"
"blue","LOC105383076"
"blue","LOC105384102"
"blue","LOC125491487"
"blue","LOC105384915"
"blue","LOC105388491"
"blue","LOC119694174"
"blue","LOC105387852"
"blue","LOC125488678"
"blue","LOC105393565"
"blue","LOC105393243"
"blue","LOC105393531"
"blue","LOC105393544"
"blue","LOC105391458"
"blue","LOC119690788"
"blue","LOC105380014"
"blue","LOC105387264"
"blue","LOC105381482"
"blue","LOC105382662"
"blue","LOC105389575"
"blue","LOC105383417"
"blue","LOC105383389"
"blue","LOC105390560"
"blue","LOC105390588"
"blue","LOC105390451"
"blue","LOC105390578"
"blue","LOC105398334"
"blue","LOC105398332"
"blue","LOC105390933"
"blue","LOC105393155"
"blue","LOC105393152"
"blue","LOC105393177"
"blue","LOC105393144"
"blue","LOC119690826"
"blue","LOC119690800"
"blue","LOC105398328"
"blue","LOC125488767"
"blue","LOC105386396"
"blue","LOC125488816"
"blue","LOC125488738"
"blue","LOC105382967"
"blue","LOC125488421"
"blue","LOC105395109"
"blue","LOC105394699"
"blue","LOC105393330"
"blue","LOC105394086"
"blue","LOC119693054"
"blue","LOC105393734"
"blue","LOC105383770"
"blue","LOC119693055"
"blue","LOC119693029"
"blue","LOC119693079"
"blue","LOC119693061"
"blue","LOC105389435"
"blue","LOC105392058"
"blue","LOC125488866"
"blue","LOC105393015"
"blue","LOC105394184"
"blue","LOC105394175"
"blue","LOC105395214"
"blue","LOC119693069"
"blue","LOC105389454"
"blue","LOC105393313"
"blue","LOC105383038"
"blue","LOC105384475"
"blue","LOC105393376"
"blue","LOC105385620"
"blue","LOC105380335"
"blue","LOC105392746"
"blue","LOC105388823"
"blue","LOC105383154"
"blue","LOC105381391"
"blue","LOC105392958"
"blue","LOC105392970"
"blue","LOC105393533"
"blue","LOC119691146"
"blue","LOC105383066"
"blue","LOC105383067"
"blue","LOC105389143"
"blue","LOC105387263"
"blue","LOC105389135"
"blue","LOC105384482"
"blue","LOC105384485"
"blue","LOC119694378"
"blue","LOC105382150"
"blue","LOC105393123"
"blue","LOC105393129"
"blue","LOC125488999"
"blue","LOC105391899"
"blue","LOC105391885"
"blue","LOC105393439"
"blue","LOC105391504"
"blue","LOC105383334"
"blue","LOC105398573"
"blue","LOC105394563"
"blue","LOC105382278"
"blue","LOC105382570"
"blue","LOC105386601"
"blue","LOC105386598"
"blue","LOC105386594"
"blue","LOC105386579"
"blue","Pxapn-a"
"blue","LOC105384573"
"blue","LOC105381583"
"blue","LOC105391769"
"blue","LOC105390609"
"blue","LOC105391608"
"blue","LOC105392117"
"blue","LOC119694699"
"blue","LOC119693713"
"blue","LOC105380386"
"blue","LOC105386930"
"blue","LOC105382931"
"blue","LOC105382956"
"blue","LOC105382938"
"blue","LOC105394041"
"blue","LOC105392161"
"blue","LOC105383150"
"blue","LOC105394192"
"blue","LOC105394172"
"blue","LOC105388816"
"blue","LOC105390343"
"blue","LOC105390350"
"blue","LOC105385377"
"blue","LOC119693674"
"blue","LOC119693638"
"blue","LOC105382419"
"blue","LOC119693753"
"blue","LOC105395686"
"blue","LOC105380585"
"blue","LOC105387258"
"blue","LOC105380532"
"blue","LOC105392497"
"blue","LOC105389675"
"blue","LOC105381535"
"blue","LOC105381523"
"blue","LOC105386021"
"blue","LOC105391508"
"blue","LOC105391520"
"blue","LOC105385639"
"blue","LOC105386728"
"blue","LOC105380423"
"blue","LOC105391178"
"blue","LOC125489031"
"blue","LOC105384885"
"blue","LOC105391609"
"blue","LOC125489129"
"blue","LOC105397679"
"blue","LOC105390045"
"blue","LOC105390036"
"blue","LOC105383189"
"blue","LOC105380773"
"blue","LOC105390772"
"blue","LOC105398815"
"blue","LOC105398816"
"blue","LOC105380611"
"blue","LOC105392933"
"blue","LOC105384627"
"blue","LOC105390031"
"blue","LOC105386370"
"blue","LOC105387843"
"blue","LOC105385806"
"blue","LOC119693987"
"blue","LOC105381582"
"blue","LOC105382181"
"blue","LOC105388458"
"blue","LOC105382860"
"blue","LOC105384189"
"blue","LOC125489233"
"blue","LOC105390077"
"blue","LOC119691468"
"blue","LOC105381275"
"blue","LOC105391710"
"blue","LOC105391719"
"blue","LOC105383934"
"blue","LOC105383277"
"blue","LOC105384726"
"blue","LOC105386705"
"blue","LOC105386796"
"blue","LOC105393855"
"blue","LOC105384986"
"blue","LOC105385220"
"blue","LOC105384703"
"blue","LOC105384699"
"blue","LOC105384713"
"blue","LOC105396550"
"blue","LOC105388288"
"blue","LOC105390386"
"blue","LOC125489293"
"blue","LOC105396520"
"blue","LOC119693983"
"blue","LOC105390258"
"blue","LOC105380848"
"blue","LOC119692219"
"blue","LOC105384441"
"blue","LOC105392133"
"blue","LOC119693642"
"blue","LOC105387574"
"blue","LOC105392519"
"blue","LOC105387770"
"blue","LOC125489364"
"blue","LOC105386946"
"blue","LOC105386143"
"blue","LOC105397953"
"blue","LOC105397973"
"blue","LOC105397988"
"blue","LOC105391069"
"blue","LOC105389511"
"blue","LOC105389504"
"blue","LOC105387609"
"blue","LOC119692252"
"blue","LOC119693153"
"blue","LOC105388792"
"blue","LOC105385073"
"blue","LOC105385225"
"blue","LOC125489324"
"blue","LOC105385260"
"blue","LOC105385237"
"blue","LOC125489392"
"blue","LOC105385647"
"blue","LOC105381226"
"blue","LOC119692264"
"blue","LOC105395782"
"blue","LOC125489452"
"blue","LOC105396641"
"blue","LOC105393383"
"blue","LOC105394808"
"blue","LOC105395364"
"blue","LOC105380941"
"blue","LOC119694367"
"blue","LOC105383806"
"blue","LOC105385803"
"blue","LOC105385731"
"blue","LOC119693144"
"blue","LOC119694321"
"blue","LOC119693967"
"blue","LOC125489422"
"blue","LOC105380013"
"blue","LOC105380021"
"blue","LOC125489525"
"blue","LOC105384146"
"blue","LOC105384539"
"blue","LOC105384522"
"blue","LOC105383504"
"blue","LOC105388197"
"blue","LOC119693830"
"blue","LOC119691726"
"blue","LOC105391923"
"blue","LOC119694357"
"blue","LOC105387650"
"blue","LOC105383657"
"blue","LOC105391858"
"blue","LOC105391856"
"blue","LOC105398635"
"blue","LOC105398672"
"blue","LOC105398638"
"blue","LOC105393713"
"blue","LOC105398645"
"blue","LOC105393716"
"blue","LOC105393719"
"blue","LOC105386564"
"blue","LOC119691142"
"blue","LOC105388392"
"blue","LOC125488431"
"blue","LOC105386122"
"blue","LOC105391222"
"blue","LOC119691300"
"blue","LOC105386744"
"blue","LOC105386745"
"blue","LOC105386751"
"blue","LOC105390453"
"blue","LOC105390452"
"blue","LOC105381112"
"blue","LOC105381105"
"blue","LOC105381092"
"blue","LOC105381431"
"blue","LOC105382472"
"blue","LOC105386990"
"blue","LOC105386992"
"blue","LOC105388339"
"blue","LOC105389954"
"blue","LOC105388560"
"blue","LOC105388559"
"blue","LOC105388580"
"blue","LOC105388548"
"blue","LOC105397175"
"blue","LOC105384723"
"blue","LOC105387746"
"blue","LOC119691202"
"blue","LOC119691283"
"blue","LOC105392206"
"blue","LOC105389480"
"blue","LOC105395867"
"blue","LOC105389705"
"blue","LOC119691238"
"blue","LOC119693854"
"blue","LOC105397866"
"blue","LOC105389938"
"blue","LOC105384151"
"blue","LOC105391380"
"blue","LOC105391568"
"blue","LOC105391561"
"blue","LOC105382225"
"blue","LOC105382231"
"blue","LOC105382259"
"blue","LOC105382261"
"blue","LOC105382262"
"blue","LOC105395163"
"blue","LOC105380476"
"blue","LOC105390923"
"blue","LOC105381771"
"blue","LOC119693861"
"blue","LOC105383479"
"blue","LOC105390057"
"blue","LOC125488433"
"blue","LOC105393555"
"blue","LOC105393550"
"blue","LOC105395130"
"blue","LOC105386910"
"blue","LOC105386877"
"blue","LOC119693811"
"blue","LOC119693831"
"blue","LOC105386196"
"blue","LOC105386197"
"blue","LOC125489690"
"blue","LOC105386494"
"blue","LOC105386467"
"blue","LOC105386457"
"blue","LOC105386437"
"blue","LOC105386407"
"blue","LOC105386376"
"blue","LOC119692443"
"blue","LOC105381763"
"blue","LOC105398484"
"blue","LOC105389790"
"blue","LOC119691473"
"blue","LOC125489829"
"blue","LOC125488587"
"blue","LOC125488508"
"blue","LOC105386627"
"blue","LOC105388759"
"blue","LOC105390290"
"blue","LOC105390280"
"blue","LOC105394286"
"blue","LOC125489755"
"blue","LOC105395772"
"blue","LOC105395794"
"blue","LOC105395554"
"blue","LOC105383139"
"blue","LOC105383164"
"blue","LOC105381184"
"blue","LOC105389265"
"blue","LOC105391876"
"blue","LOC105391891"
"blue","LOC105391893"
"blue","LOC105388970"
"blue","LOC105388988"
"blue","LOC125489767"
"blue","LOC125489813"
"blue","LOC105390428"
"blue","LOC105390410"
"blue","LOC125489805"
"blue","LOC105385328"
"blue","LOC105383183"
"blue","LOC125489782"
"blue","LOC105383226"
"blue","LOC125489902"
"blue","LOC105395344"
"blue","LOC105396644"
"blue","LOC105380836"
"blue","LOC125489842"
"blue","LOC125489907"
"blue","LOC105384357"
"blue","LOC105385256"
"blue","LOC105382610"
"blue","LOC119692679"
"blue","LOC125489912"
"blue","LOC105396301"
"blue","LOC105386858"
"blue","LOC125489879"
"blue","LOC105390366"
"blue","LOC119692729"
"blue","LOC105380440"
"blue","LOC105384052"
"blue","LOC105384055"
"blue","LOC105384037"
"blue","LOC105384039"
"blue","LOC105380195"
"blue","LOC125490039"
"blue","LOC105392286"
"blue","LOC105392274"
"blue","LOC105387814"
"blue","LOC105380371"
"blue","LOC105392006"
"blue","LOC105392008"
"blue","LOC105388900"
"blue","LOC105389616"
"blue","LOC105388424"
"blue","LOC105388412"
"blue","LOC105390335"
"blue","LOC105392911"
"blue","LOC105392898"
"blue","LOC105393182"
"blue","LOC105393172"
"blue","LOC105398103"
"blue","LOC119691832"
"blue","LOC119690635"
"blue","LOC105383939"
"blue","LOC105391396"
"blue","LOC105395865"
"blue","LOC105395864"
"blue","LOC105387948"
"blue","LOC105387959"
"blue","LOC105389637"
"blue","LOC119693326"
"blue","LOC125489985"
"blue","LOC105390972"
"blue","LOC105390718"
"blue","LOC105389905"
"blue","LOC105381550"
"blue","LOC105389792"
"blue","LOC125490096"
"blue","LOC105394511"
"blue","LOC105386764"
"blue","LOC105388866"
"blue","LOC105384618"
"blue","LOC105383559"
"blue","LOC105385974"
"blue","LOC105385973"
"blue","LOC105380821"
"blue","LOC105380787"
"blue","LOC105387382"
"blue","LOC105392188"
"blue","LOC105392182"
"blue","LOC119691646"
"blue","LOC105388755"
"blue","LOC105395547"
"blue","LOC105390848"
"blue","LOC119691652"
"blue","LOC105390864"
"blue","LOC105395669"
"blue","LOC105395872"
"blue","LOC105381031"
"blue","LOC105382888"
"blue","LOC119691431"
"blue","LOC105391604"
"blue","LOC105390945"
"blue","LOC105390957"
"blue","LOC105390940"
"blue","LOC105382803"
"blue","LOC125490163"
"blue","LOC125490145"
"blue","LOC105393917"
"blue","LOC105394945"
"blue","LOC105385612"
"blue","LOC105385631"
"blue","LOC105385616"
"blue","LOC105388631"
"blue","LOC105390994"
"blue","LOC119690480"
"blue","LOC105382114"
"blue","LOC105382107"
"blue","LOC105382098"
"blue","LOC125490333"
"blue","LOC105384360"
"blue","LOC105389846"
"blue","LOC105381413"
"blue","LOC105381440"
"blue","LOC105384156"
"blue","LOC105393606"
"blue","LOC105393603"
"blue","LOC105394215"
"blue","LOC125490340"
"blue","LOC105394079"
"blue","LOC105389047"
"blue","LOC119694928"
"blue","LOC105382795"
"blue","LOC105382659"
"blue","LOC125490311"
"blue","LOC119690482"
"blue","LOC105388405"
"blue","LOC105383070"
"blue","LOC105389834"
"blue","LOC105389199"
"blue","LOC105396313"
"blue","LOC105395543"
"blue","LOC105395542"
"blue","LOC105381728"
"blue","LOC119690496"
"blue","LOC105380614"
"blue","LOC105390814"
"blue","LOC119694920"
"blue","LOC119690418"
"blue","LOC125490447"
"blue","LOC119692523"
"blue","LOC105398214"
"blue","LOC105383526"
"blue","LOC105390575"
"blue","LOC105381551"
"blue","LOC105381552"
"blue","LOC105382823"
"blue","LOC105386617"
"blue","LOC105387053"
"blue","LOC105387144"
"blue","LOC119692533"
"blue","LOC105386970"
"blue","LOC105383944"
"blue","LOC105394987"
"blue","LOC119692534"
"blue","LOC125490431"
"blue","LOC105392228"
"blue","LOC105390761"
"blue","LOC105394982"
"blue","LOC105394983"
"blue","LOC105389343"
"blue","LOC105394758"
"blue","LOC105393272"
"blue","LOC105385177"
"blue","LOC105385153"
"blue","LOC105389564"
"blue","LOC105385174"
"blue","LOC105385147"
"blue","LOC105392226"
"blue","LOC105396999"
"blue","LOC105387792"
"blue","LOC105398723"
"blue","LOC125490463"
"blue","LOC105397424"
"blue","LOC105398789"
"blue","LOC105381508"
"blue","LOC125490486"
"blue","LOC105380677"
"blue","LOC125490455"
"blue","LOC105382050"
"blue","LOC105387456"
"blue","LOC119691930"
"blue","LOC125490506"
"blue","LOC105392618"
"blue","LOC105395023"
"blue","LOC105381454"
"blue","LOC105395029"
"blue","LOC105393670"
"blue","LOC105389621"
"blue","LOC105394736"
"blue","LOC105387913"
"blue","LOC105381917"
"blue","LOC125490575"
"blue","LOC105393352"
"blue","LOC105381850"
"blue","LOC105381882"
"blue","LOC105381854"
"blue","LOC105393747"
"blue","LOC105380809"
"blue","LOC105389322"
"blue","LOC119691019"
"blue","LOC105398349"
"blue","LOC105382362"
"blue","LOC105382358"
"blue","LOC105382354"
"blue","LOC105382326"
"blue","LOC119691021"
"blue","LOC105393621"
"blue","LOC105393620"
"blue","LOC105393805"
"blue","LOC125490590"
"blue","LOC105398460"
"blue","LOC105398525"
"blue","LOC105380450"
"blue","LOC105386986"
"blue","LOC105384256"
"blue","LOC125490621"
"blue","LOC105385603"
"blue","LOC119691042"
"blue","LOC125490578"
"blue","LOC125490587"
"blue","LOC119691065"
"blue","LOC105384842"
"blue","LOC105384843"
"blue","LOC105387716"
"blue","LOC105398365"
"blue","LOC105398361"
"blue","LOC105387052"
"blue","LOC119691092"
"blue","LOC119691998"
"blue","LOC105393056"
"blue","LOC105391603"
"blue","LOC105390186"
"blue","LOC105392837"
"blue","LOC125490626"
"blue","LOC105381023"
"blue","LOC105388303"
"blue","LOC105385507"
"blue","LOC125490701"
"blue","LOC105381740"
"blue","LOC105387785"
"blue","LOC105382518"
"blue","LOC105382545"
"blue","LOC105389758"
"blue","LOC105392683"
"blue","LOC125490672"
"blue","LOC105394381"
"blue","LOC105398833"
"blue","LOC105394578"
"blue","LOC105386497"
"blue","LOC105388673"
"blue","LOC105390881"
"blue","LOC105383513"
"blue","LOC105383517"
"blue","LOC105392370"
"blue","LOC105383651"
"blue","LOC105381161"
"blue","LOC105382643"
"blue","LOC125490748"
"blue","LOC105391645"
"blue","LOC105380513"
"blue","LOC125490868"
"blue","LOC105389217"
"blue","LOC105398275"
"blue","LOC105393211"
"blue","LOC105386015"
"blue","LOC105386005"
"blue","LOC105391438"
"blue","LOC105394056"
"blue","LOC105391446"
"blue","LOC105383907"
"blue","LOC105394337"
"blue","LOC105394330"
"blue","LOC119692032"
"blue","LOC105391036"
"blue","LOC119693234"
"blue","LOC105387449"
"blue","LOC105393331"
"blue","LOC105383608"
"blue","LOC105383610"
"blue","LOC105385128"
"blue","LOC105386255"
"blue","LOC105386252"
"blue","LOC105383734"
"blue","LOC105391545"
"blue","LOC105388933"
"blue","LOC105388934"
"blue","LOC105397354"
"blue","LOC105384770"
"blue","LOC105396108"
"blue","LOC105393915"
"blue","LOC105393991"
"blue","LOC105386424"
"blue","LOC105386427"
"blue","LOC105393473"
"blue","LOC119693568"
"blue","LOC105381680"
"blue","LOC105381684"
"blue","LOC105393934"
"blue","LOC105395904"
"blue","LOC125490967"
"blue","LOC105394769"
"blue","LOC105398131"
"blue","LOC105398121"
"blue","LOC105385768"
"blue","LOC105393722"
"blue","LOC105391742"
"blue","LOC105388399"
"blue","LOC105388398"
"blue","LOC105388429"
"blue","LOC105388430"
"blue","LOC105389035"
"blue","LOC105387704"
"blue","LOC105392433"
"blue","LOC105383678"
"blue","LOC105383677"
"blue","LOC125491066"
"blue","LOC105398310"
"blue","LOC105387863"
"blue","LOC105395297"
"blue","LOC105393509"
"blue","LOC119690291"
"blue","LOC105393435"
"blue","LOC105391335"
"blue","LOC105391333"
"blue","LOC105385541"
"blue","LOC105389947"
"blue","LOC119692859"
"blue","LOC105390169"
"blue","LOC105390174"
"blue","LOC105397711"
"blue","LOC125488481"
"blue","LOC105383399"
"blue","LOC105381273"
"blue","LOC105390888"
"blue","LOC105383836"
"blue","LOC125491128"
"blue","LOC105393218"
"blue","LOC119694883"
"blue","LOC105395537"
"blue","LOC125491207"
"blue","LOC105391557"
"blue","LOC105394559"
"blue","LOC105382683"
"blue","LOC105384890"
"blue","LOC125491197"
"blue","LOC105381166"
"blue","LOC105385335"
"blue","LOC119693979"
"blue","LOC105387103"
"blue","LOC105387100"
"blue","LOC105387091"
"blue","LOC105398148"
"blue","LOC105380207"
"blue","LOC105398054"
"blue","LOC105398044"
"blue","LOC105398032"
"blue","LOC105397542"
"blue","LOC105397006"
"blue","LOC125491187"
"blue","LOC105388773"
"blue","LOC105380489"
"blue","LOC105380537"
"blue","LOC105384136"
"blue","LOC105384133"
"blue","LOC105381601"
"blue","LOC105381591"
"blue","LOC105388137"
"blue","LOC119691179"
"blue","LOC105388268"
"blue","LOC125491198"
"blue","LOC105386471"
"blue","LOC105391695"
"blue","LOC105391689"
"blue","LOC105384209"
"blue","LOC105386051"
"blue","LOC105386048"
"blue","LOC105381298"
"blue","LOC105391497"
"blue","LOC105391484"
"blue","LOC119694893"
"blue","LOC119692890"
"yellow","LOC105391835"
"yellow","LOC119693468"
"yellow","LOC105390872"
"yellow","LOC105382514"
"yellow","LOC105394456"
"yellow","LOC125491000"
"yellow","LOC105383702"
"yellow","LOC105385886"
"yellow","LOC105394293"
"yellow","LOC105382439"
"yellow","LOC105381335"
"yellow","LOC105382943"
"yellow","LOC105389290"
"yellow","LOC105391254"
"yellow","LOC105387141"
"yellow","LOC105381902"
"yellow","LOC105389992"
"yellow","LOC105384924"
"yellow","LOC105384923"
"yellow","LOC105383883"
"yellow","LOC119690865"
"yellow","LOC119690789"
"yellow","LOC125488749"
"yellow","LOC105394700"
"yellow","LOC105381328"
"yellow","LOC125488422"
"yellow","LOC105383330"
"yellow","LOC105386582"
"yellow","LOC105386823"
"yellow","LOC105384168"
"yellow","LOC105394672"
"yellow","LOC105394159"
"yellow","LOC125488483"
"yellow","LOC105384981"
"yellow","LOC105389510"
"yellow","LOC105388209"
"yellow","LOC105391191"
"yellow","LOC105385796"
"yellow","LOC105380077"
"yellow","LOC105383506"
"yellow","LOC105390439"
"yellow","LOC105381109"
"yellow","LOC119691183"
"yellow","LOC119691263"
"yellow","LOC119693792"
"yellow","LOC105392794"
"yellow","LOC105380517"
"yellow","LOC119693902"
"yellow","LOC105386886"
"yellow","LOC105386893"
"yellow","LOC105384019"
"yellow","LOC105380231"
"yellow","LOC105386653"
"yellow","LOC105384108"
"yellow","LOC105380061"
"yellow","LOC105385249"
"yellow","LOC105385250"
"yellow","LOC125488441"
"yellow","LOC105388018"
"yellow","LOC105388540"
"yellow","LOC105380853"
"yellow","LOC105384033"
"yellow","LOC105383369"
"yellow","LOC105395355"
"yellow","LOC119690524"
"yellow","LOC105395501"
"yellow","LOC105385600"
"yellow","LOC105383178"
"yellow","LOC105380819"
"yellow","LOC105387403"
"yellow","LOC105393905"
"yellow","LOC105385425"
"yellow","LOC105382154"
"yellow","LOC105381379"
"yellow","LOC125488453"
"yellow","LOC105389809"
"yellow","LOC105381545"
"yellow","LOC105381989"
"yellow","LOC105386965"
"yellow","LOC125490371"
"yellow","LOC105386810"
"yellow","LOC105393057"
"yellow","LOC105389093"
"yellow","LOC105395204"
"yellow","LOC105393200"
"yellow","LOC105389810"
"yellow","LOC125490956"
"yellow","LOC105395530"
"yellow","LOC105385590"
"yellow","LOC119692931"
"yellow","LOC105386476"
"yellow","LOC105386055"
"grey60","LOC105394574"
"grey60","LOC105398208"
"grey60","LOC105393360"
"grey60","LOC119692419"
"grey60","LOC105387615"
"grey60","LOC105383750"
"grey60","LOC105397401"
"grey60","LOC125488565"
"grey60","LOC105382281"
"grey60","LOC105382737"
"grey60","LOC105387583"
"grey60","LOC105398192"
"grey60","LOC105398295"
"grey60","LOC119693801"
"grey60","LOC119693834"
"grey60","LOC105391498"
"grey60","LOC105380224"
"grey60","LOC125488442"
"grey60","LOC119692688"
"grey60","LOC105394806"
"grey60","LOC105384748"
"grey60","LOC105389838"
"grey60","LOC105387794"
"grey60","LOC105391951"
"grey60","LOC105387898"
"grey60","LOC105387363"
"grey60","LOC105386522"
"grey60","LOC105389407"
"grey60","LOC105388544"
"lightcyan","LOC105381635"
"lightcyan","LOC125490596"
"lightcyan","LOC105387440"
"lightcyan","LOC105381934"
"lightcyan","LOC105392171"
"lightcyan","LOC105383119"
"lightcyan","LOC125489207"
"lightcyan","LOC119692232"
"lightcyan","LOC119692258"
"lightcyan","LOC105385737"
"lightcyan","LOC105389657"
"lightcyan","LOC105391005"
"lightcyan","LOC119693732"
"lightcyan","LOC105389841"
"lightcyan","LOC105385158"
"lightcyan","LOC119691185"
"lightcyan","LOC105384823"
"lightcyan","LOC105398494"
"lightcyan","LOC125491092"
"lightcyan","LOC105389885"
"lightcyan","LOC105397951"
"lightgreen","LOC105389270"
"lightgreen","LOC105385008"
"lightgreen","LOC105384700"
"lightgreen","LOC125489246"
"lightgreen","LOC105385564"
"lightgreen","LOC119693845"
"lightgreen","LOC119691389"
"lightgreen","LOC119692704"
"lightgreen","LOC105388762"
"lightgreen","LOC105392551"
"lightgreen","LOC105393382"
"lightgreen","LOC125490334"
"lightgreen","LOC125490408"
"lightgreen","LOC105395576"
"lightgreen","LOC105391938"
"lightgreen","LOC105385854"
"lightgreen","LOC105380903"
"lightgreen","LOC105389741"
"lightgreen","LOC105386426"
"lightgreen","LOC105385951"
"lightgreen","LOC125488486"
"salmon","LOC105389919"
"salmon","LOC125489683"
"salmon","LOC105382435"
"salmon","LOC105386336"
"salmon","LOC105388717"
"salmon","LOC105395144"
"salmon","LOC105381696"
"salmon","LOC105393786"
"salmon","LOC105384144"
"salmon","LOC105396282"
"salmon","LOC105386131"
"salmon","LOC105390447"
"salmon","LOC105395107"
"salmon","Pgm"
"salmon","LOC105390625"
"salmon","LOC105392146"
"salmon","LOC105390330"
"salmon","LOC105381292"
"salmon","LOC125490335"
"salmon","LOC105381469"
"salmon","LOC105381479"
"salmon","LOC105398204"
"salmon","LOC125490425"
"salmon","LOC119691928"
"salmon","LOC105388664"
"salmon","LOC105383904"
"salmon","LOC105394999"
"salmon","LOC105395015"
"salmon","LOC119693665"
"salmon","LOC105395356"
"salmon","LOC119694145"
"salmon","LOC105395281"
"salmon","LOC105380501"
"salmon","LOC105391693"
"tan","LOC105394845"
"tan","LOC105389400"
"tan","LOC105385837"
"tan","LOC105394359"
"tan","LOC105384190"
"tan","LOC119694268"
"tan","LOC105385730"
"tan","LOC105383493"
"tan","LOC105388460"
"tan","LOC105398609"
"tan","LOC105381730"
"tan","LOC125489738"
"tan","LOC105381814"
"tan","LOC105388983"
"tan","LOC125489959"
"tan","LOC125490008"
"tan","LOC125490208"
"tan","LOC105386461"
"tan","LOC105393482"
"tan","LOC119693958"
"tan","LOC119692845"
"purple","LOC105394539"
"purple","LOC105386637"
"purple","LOC125491435"
"purple","LOC105385547"
"purple","LOC105391286"
"purple","LOC105390657"
"purple","LOC105391548"
"purple","LOC105381054"
"purple","LOC119690853"
"purple","LOC105393732"
"purple","LOC119694924"
"purple","LOC105386104"
"purple","LOC105393856"
"purple","LOC105390832"
"purple","LOC105384443"
"purple","LOC105387570"
"purple","LOC105398194"
"purple","LOC105381895"
"purple","LOC105386735"
"purple","LOC105382460"
"purple","LOC105388551"
"purple","LOC105391726"
"purple","LOC119694252"
"purple","LOC105392320"
"purple","LOC105386902"
"purple","LOC105398433"
"purple","LOC105392280"
"purple","LOC105388897"
"purple","LOC125489989"
"purple","LOC105382406"
"purple","LOC105389736"
"purple","LOC119693201"
"purple","LOC105381828"
"purple","LOC105393228"
"purple","LOC105383530"
"purple","LOC105386824"
"purple","LOC105380823"
"purple","LOC105398442"
"purple","LOC105390553"
"purple","LOC105393475"
"purple","LOC105393096"
"purple","LOC125491102"
"black","LOC105388771"
"black","LOC119692488"
"black","LOC125491412"
"black","LOC105383112"
"black","LOC119690877"
"black","LOC125488737"
"black","LOC105393108"
"black","LOC119690339"
"black","LOC125489262"
"black","LOC125489369"
"black","LOC125489401"
"black","LOC105398187"
"black","LOC125489601"
"black","LOC105380465"
"black","LOC105384250"
"black","LOC105381732"
"black","LOC119693843"
"black","LOC125489786"
"black","LOC105381179"
"black","LOC125489808"
"black","LOC125489877"
"black","LOC105391985"
"black","LOC105388801"
"black","LOC105392899"
"black","LOC119691741"
"black","LOC105381040"
"black","LOC119693136"
"black","LOC105382796"
"black","LOC105385676"
"black","LOC125490655"
"black","LOC105391584"
"black","LOC125490641"
"black","LOC105392868"
"black","LOC105390263"
"black","LOC125490902"
"black","LOC105383909"
"black","LOC105397356"
"black","LOC105398126"
"black","LOC105390316"
"black","LOC105386045"
"green","LOC105385743"
"green","LOC105388355"
"green","LOC105386638"
"green","LOC105386951"
"green","LOC105383697"
"green","LOC119694559"
"green","LOC105388386"
"green","LOC105387215"
"green","LOC119694529"
"green","LOC119692411"
"green","LOC105391385"
"green","LOC105391430"
"green","LOC105397590"
"green","LOC105389155"
"green","LOC125491437"
"green","LOC105385495"
"green","LOC105393046"
"green","LOC105393053"
"green","LOC105387122"
"green","LOC105386362"
"green","LOC105391298"
"green","LOC105395037"
"green","LOC105389543"
"green","LOC105383880"
"green","LOC105389432"
"green","LOC105381651"
"green","LOC105393375"
"green","LOC105388811"
"green","LOC105383302"
"green","LOC105380351"
"green","LOC105392119"
"green","LOC105394022"
"green","LOC119693696"
"green","LOC105387247"
"green","LOC105384836"
"green","LOC105397667"
"green","LOC105390074"
"green","LOC105383276"
"green","LOC105382813"
"green","LOC105393854"
"green","LOC105384697"
"green","LOC105398221"
"green","LOC119692260"
"green","LOC105383502"
"green","LOC105398633"
"green","LOC119691155"
"green","LOC105398557"
"green","LOC105388327"
"green","LOC105389428"
"green","LOC105384012"
"green","LOC105385557"
"green","LOC105380416"
"green","LOC105387713"
"green","LOC119692726"
"green","LOC105383672"
"green","LOC105382973"
"green","LOC105390707"
"green","LOC125488548"
"green","LOC105390962"
"green","LOC105391153"
"green","LOC105380136"
"green","LOC105387564"
"green","LOC105382787"
"green","LOC105382121"
"green","LOC105389195"
"green","LOC105394016"
"green","LOC105380566"
"green","LOC105383540"
"green","LOC105395754"
"green","LOC105383522"
"green","LOC105392598"
"green","LOC125490595"
"green","LOC105380558"
"green","LOC105391633"
"green","LOC119690995"
"green","LOC105382378"
"green","LOC105392669"
"green","LOC105388665"
"green","LOC105389215"
"green","LOC119692059"
"green","LOC105394914"
"green","LOC119694014"
"green","LOC105392080"
"green","LOC105392383"
"green","LOC105395559"
"green","LOC105387861"
"green","Fkbp13"
"green","LOC105384869"
"green","LOC119694799"
"green","LOC105384214"
"lightyellow","LOC125490666"
"lightyellow","LOC105392362"
"lightyellow","LOC125491420"
"lightyellow","LOC105390118"
"lightyellow","LOC105381156"
"lightyellow","LOC125489636"
"lightyellow","LOC125489718"
"lightyellow","LOC105390291"
"lightyellow","LOC125490161"
"lightyellow","LOC125490441"
"lightyellow","LOC125490888"
"lightyellow","LOC105392093"
"lightyellow","LOC119694465"
"lightyellow","LOC125491064"
"midnightblue","LOC105390778"
"midnightblue","LOC105386277"
"midnightblue","LOC105385162"
"midnightblue","LOC105389288"
"midnightblue","LOC105389189"
"midnightblue","LOC105385550"
"midnightblue","LOC125488672"
"midnightblue","LOC125488736"
"midnightblue","LOC105392562"
"midnightblue","LOC105394211"
"midnightblue","LOC105396422"
"midnightblue","LOC105397827"
"midnightblue","LOC119694695"
"midnightblue","LOC105380860"
"midnightblue","LOC105382826"
"midnightblue","LOC105388035"
"midnightblue","LOC105387383"
"midnightblue","LOC105387400"
"midnightblue","LOC105398296"
"midnightblue","LOC105382120"
"midnightblue","LOC125488567"
"midnightblue","LOC105389050"
"midnightblue","LOC119691935"
"midnightblue","LOC105381021"
"midnightblue","LOC105393230"
"midnightblue","LOC105395212"
"midnightblue","LOC105397336"
"brown","LOC105398625"
"brown","LOC105398624"
"brown","LOC105398351"
"brown","LOC105398350"
"brown","LOC105398346"
"brown","LOC119693500"
"brown","LOC105382740"
"brown","LOC105386256"
"brown","LOC105381267"
"brown","LOC105384971"
"brown","LOC125490698"
"brown","LOC105394015"
"brown","LOC105386913"
"brown","LOC105383729"
"brown","LOC119694513"
"brown","LOC105385910"
"brown","LOC105380350"
"brown","LOC105384072"
"brown","LOC105386177"
"brown","LOC105398574"
"brown","LOC105397936"
"brown","LOC105397909"
"brown","LOC105381792"
"brown","LOC105398284"
"brown","LOC105390840"
"brown","LOC105389156"
"brown","LOC105389190"
"brown","LOC105383830"
"brown","LOC105390692"
"brown","LOC105391256"
"brown","LOC105386340"
"brown","LOC105391413"
"brown","LOC105389242"
"brown","LOC105381904"
"brown","LOC105392377"
"brown","LOC105390654"
"brown","LOC105390655"
"brown","LOC105389537"
"brown","LOC105396575"
"brown","LOC105384894"
"brown","LOC105386778"
"brown","LOC105384425"
"brown","LOC105383792"
"brown","LOC105387618"
"brown","LOC105382658"
"brown","LOC105383390"
"brown","LOC105383410"
"brown","LOC105386378"
"brown","LOC105384337"
"brown","LOC105394967"
"brown","LOC105390999"
"brown","LOC105394264"
"brown","LOC105383766"
"brown","LOC119692963"
"brown","LOC119693037"
"brown","LOC105397801"
"brown","LOC119690988"
"brown","LOC105385953"
"brown","LOC105386585"
"brown","LOC105390594"
"brown","LOC105386794"
"brown","LOC105386957"
"brown","LOC105394111"
"brown","LOC105385394"
"brown","LOC105385386"
"brown","LOC125489086"
"brown","LOC105380582"
"brown","LOC105383690"
"brown","LOC105385505"
"brown","LOC105383188"
"brown","LOC105380845"
"brown","LOC119693324"
"brown","LOC119693339"
"brown","LOC105393005"
"brown","LOC105389983"
"brown","LOC105387834"
"brown","LOC105381618"
"brown","LOC105382177"
"brown","LOC105388453"
"brown","LOC105384202"
"brown","LOC105390078"
"brown","LOC105383246"
"brown","LOC105382851"
"brown","LOC125489297"
"brown","LOC105384717"
"brown","LOC105394468"
"brown","LOC125489252"
"brown","LOC105381446"
"brown","LOC105398246"
"brown","LOC119692236"
"brown","LOC105389113"
"brown","LOC105392528"
"brown","LOC105397957"
"brown","LOC105397986"
"brown","LOC119692238"
"brown","LOC105391056"
"brown","LOC105390695"
"brown","LOC105387187"
"brown","LOC125489488"
"brown","LOC105395339"
"brown","LOC105381388"
"brown","LOC105380556"
"brown","LOC105398651"
"brown","LOC105386566"
"brown","LOC105393042"
"brown","LOC105381425"
"brown","LOC105381439"
"brown","LOC105388556"
"brown","LOC105397493"
"brown","LOC105383535"
"brown","LOC105398489"
"brown","LOC105383683"
"brown","LOC105382657"
"brown","LOC105391565"
"brown","LOC105382218"
"brown","LOC105392791"
"brown","LOC105394135"
"brown","LOC105386890"
"brown","LOC105386889"
"brown","LOC105381870"
"brown","LOC105386423"
"brown","LOC105388741"
"brown","LOC105392441"
"brown","LOC119691471"
"brown","LOC105394234"
"brown","LOC105381183"
"brown","LOC105380454"
"brown","LOC105380232"
"brown","LOC105387050"
"brown","LOC105392310"
"brown","LOC119692657"
"brown","LOC105388241"
"brown","LOC105388068"
"brown","LOC105384036"
"brown","LOC105392284"
"brown","LOC105391409"
"brown","LOC105382470"
"brown","LOC125490130"
"brown","LOC105380796"
"brown","LOC105381002"
"brown","LOC119693159"
"brown","LOC105385409"
"brown","LOC119694154"
"brown","LOC119694909"
"brown","LOC105382134"
"brown","LOC105388775"
"brown","LOC105383015"
"brown","LOC105392524"
"brown","LOC105391205"
"brown","LOC105389817"
"brown","LOC105382542"
"brown","LOC105383008"
"brown","LOC105381823"
"brown","LOC105389811"
"brown","LOC105389802"
"brown","LOC105380607"
"brown","LOC105398207"
"brown","LOC105386098"
"brown","LOC119692483"
"brown","LOC105386704"
"brown","LOC105386703"
"brown","LOC105388342"
"brown","LOC105388343"
"brown","LOC105383940"
"brown","LOC105386185"
"brown","LOC125490393"
"brown","LOC105383464"
"brown","LOC119691059"
"brown","LOC105386067"
"brown","LOC105382414"
"brown","LOC119691006"
"brown","LOC105398445"
"brown","LOC105397842"
"brown","LOC105381016"
"brown","LOC105389759"
"brown","LOC105398822"
"brown","LOC105381260"
"brown","LOC105381165"
"brown","LOC125490773"
"brown","LOC105386238"
"brown","LOC105386013"
"brown","LOC105395622"
"brown","LOC105394368"
"brown","LOC105384597"
"brown","LOC105392649"
"brown","LOC119694430"
"brown","LOC105386442"
"brown","LOC105395001"
"brown","LOC105393305"
"brown","LOC105382237"
"brown","LOC119692914"
"brown","LOC105398501"
"brown","LOC105398495"
"brown","LOC105389031"
"brown","LOC105387721"
"brown","LOC119694705"
"brown","LOC105391104"
"brown","LOC105393669"
"brown","LOC105391050"
"brown","LOC105384891"
"brown","LOC125491154"
"brown","LOC105398062"
"brown","LOC105397987"
"brown","LOC105396831"
"brown","LOC105388784"
"brown","LOC105380541"
"brown","LOC105389670"
"brown","LOC125491178"
"brown","LOC119694001"
"brown","LOC105381349"
"brown","LOC105391480"
"red","LOC105380094"
"red","LOC119693457"
"red","LOC105380296"
"red","LOC105387334"
"red","LOC105387140"
"red","LOC105387222"
"red","LOC105397515"
"red","LOC105385544"
"red","LOC105389979"
"red","LOC105385838"
"red","LOC105394828"
"red","LOC125488537"
"red","LOC105393893"
"red","LOC105382866"
"red","LOC105382918"
"red","LOC105380924"
"red","LOC105382998"
"red","LOC125489285"
"red","LOC105394426"
"red","LOC105386550"
"red","LOC105386548"
"red","LOC119691288"
"red","LOC105386546"
"red","LOC105381104"
"red","LOC119691154"
"red","LOC105389772"
"red","LOC105389456"
"red","LOC105380063"
"red","LOC119691732"
"red","LOC105384643"
"red","LOC105384666"
"red","LOC105390942"
"red","LOC105382133"
"red","LOC105382127"
"red","LOC105382143"
"red","LOC119690471"
"red","LOC125490326"
"red","LOC105393284"
"red","LOC105393283"
"red","LOC105381372"
"red","LOC105381389"
"red","LOC105380962"
"red","LOC105381283"
"red","LOC105381169"
"red","LOC105383612"
"red","LOC119693702"
"red","LOC105395016"
"red","LOC105384740"
"red","LOC119694658"
"red","LOC119694803"
"red","LOC119694851"
"darkred","LOC119693433"
"darkred","LOC119692381"
"darkred","LOC105397695"
"darkred","LOC105382878"
"darkred","LOC105386800"
"darkred","LOC125489366"
"darkred","LOC125489543"
"darkred","LOC105389417"
"darkred","LOC119693908"
"darkred","LOC119690648"
"darkred","LOC105382731"
"darkred","LOC119693582"
"darkred","LOC125490997"
"darkred","LOC105380492"
"pink","LOC105380058"
"pink","LOC125488937"
"pink","LOC105388114"
"pink","LOC105388112"
"pink","LOC105392223"
"pink","LOC105389993"
"pink","LOC105383414"
"pink","LOC105394955"
"pink","LOC125489300"
"pink","LOC105384195"
"pink","LOC105387768"
"pink","LOC105391053"
"pink","LOC105392344"
"pink","LOC105386888"
"pink","LOC105381773"
"pink","LOC105388374"
"pink","LOC105390283"
"pink","LOC105398438"
"pink","LOC105388656"
"pink","LOC119693218"
"pink","LOC105385416"
"pink","LOC119693148"
"pink","LOC119693149"
"pink","LOC105382119"
"pink","LOC105381422"
"pink","LOC105396847"
"pink","LOC105398206"
"pink","LOC105384728"
"pink","LOC105396213"
"pink","LOC105380684"
"pink","LOC105385626"
"pink","LOC105386435"
"pink","LOC105388259"
"pink","LOC105389749"
"pink","LOC105393275"
"pink","LOC105392595"
"pink","LOC105392472"
"darkgreen","LOC105394601"
"darkgreen","LOC119692124"
"darkgreen","LOC125488757"
"darkgreen","LOC105398778"
"darkgreen","LOC125489185"
"darkgreen","LOC125489231"
"darkgreen","LOC105388974"
"darkgreen","LOC125489726"
"darkgreen","LOC105380242"
"darkgreen","LOC105388067"
"darkgreen","LOC119691622"
"darkgreen","LOC105389853"
"darkgreen","LOC125490720"
"darkgreen","LOC105387658"
"darkgreen","LOC125491099"
"royalblue","LOC105386083"
"royalblue","LOC105398397"
"royalblue","LOC105391711"
"royalblue","LOC105380364"
"royalblue","LOC105393888"
"royalblue","LOC105397965"
"royalblue","LOC105391901"
"royalblue","LOC105386352"
"royalblue","LOC105395342"
"royalblue","LOC105380813"
"royalblue","LOC105393614"
"royalblue","LOC105392514"
"royalblue","LOC119691127"
"royalblue","LOC105393800"
"cyan","Gapdh"
"cyan","LOC105387497"
"cyan","LOC119693707"
"cyan","LOC105390361"
"cyan","LOC119693719"
"cyan","LOC105397954"
"cyan","LOC105389609"
"cyan","LOC125488429"
"cyan","LOC105394449"
"cyan","LOC105387566"
"cyan","LOC105380630"
"cyan","LOC105380194"
"cyan","LOC105391140"
"cyan","LOC105396667"
"cyan","LOC105382736"
"cyan","LOC119691043"
"cyan","LOC105381237"
"magenta","LOC105381223"
"magenta","LOC105387203"
"magenta","LOC105388120"
"magenta","LOC105388119"
"magenta","LOC119693491"
"magenta","LOC105388116"
"magenta","LOC105386923"
"magenta","LOC105386314"
"magenta","LOC105384526"
"magenta","LOC105390219"
"magenta","LOC105383855"
"magenta","LOC105383113"
"magenta","LOC105393145"
"magenta","LOC125488861"
"magenta","LOC119693068"
"magenta","LOC105398138"
"magenta","LOC105398139"
"magenta","LOC105387387"
"magenta","LOC105392563"
"magenta","LOC119691241"
"magenta","LOC105390347"
"magenta","LOC105397315"
"magenta","LOC105380931"
"magenta","LOC105380730"
"magenta","LOC105393633"
"magenta","LOC119693336"
"magenta","LOC119693337"
"magenta","LOC119693335"
"magenta","LOC119693338"
"magenta","LOC125489210"
"magenta","LOC119693317"
"magenta","LOC105393847"
"magenta","LOC105384707"
"magenta","LOC105397925"
"magenta","LOC105384515"
"magenta","LOC105393067"
"magenta","LOC105388317"
"magenta","LOC119691267"
"magenta","LOC119693899"
"magenta","LOC105384432"
"magenta","LOC105386866"
"magenta","LOC105396452"
"magenta","LOC105383137"
"magenta","LOC105386865"
"magenta","LOC105390698"
"magenta","LOC105388211"
"magenta","LOC119691623"
"magenta","LOC119691620"
"magenta","LOC105382202"
"magenta","LOC105382102"
"magenta","LOC105389046"
"magenta","LOC105385727"
"magenta","LOC119691901"
"magenta","LOC125490356"
"magenta","LOC119692484"
"magenta","LOC119692482"
"magenta","LOC105392222"
"magenta","LOC105388217"
"magenta","LOC125490617"
"magenta","LOC105382387"
"magenta","LOC119694536"
"magenta","LOC105398181"
"magenta","LOC105385791"
"magenta","LOC105385744"
"magenta","LOC105395209"
"magenta","LOC105381247"
"magenta","LOC105394913"
"magenta","LOC105398132"
"magenta","LOC105388140"
"greenyellow","LOC125488533"
"greenyellow","LOC119692455"
"greenyellow","LOC105385485"
"greenyellow","LOC105383145"
"greenyellow","LOC105391913"
"greenyellow","LOC105386591"
"greenyellow","LOC105392481"
"greenyellow","LOC119693312"
"greenyellow","LOC105398007"
"greenyellow","LOC105383487"
"greenyellow","LOC105392819"
"greenyellow","LOC105387001"
"greenyellow","LOC105387693"
"greenyellow","LOC105398534"
"greenyellow","LOC125488502"
"greenyellow","LOC105383603"
"greenyellow","LOC105381209"
"greenyellow","LOC105393523"
"greenyellow","LOC105391443"
"greenyellow","LOC105392487"
"greenyellow","LOC105398244"
"greenyellow","LOC105386715"
"greenyellow","LOC119693597"
"greenyellow","LOC125490749"
"greenyellow","LOC125490828"
"greenyellow","LOC125491205"
"greenyellow","LOC125491303"
